State,District,Households,Landless_Manual_Labour,Non_Agricultural_Enterprise,Income_Tax_Households,Government_Salaried,Private_Salaried,Income_Above_10000,Refrigerator,Four_Wheeler,Kisan_Credit_Card
Andaman and Nicobar Islands,Nicobars,9113,861,368,1834,2313,1095,2184,1855,127,30
Andaman and Nicobar Islands,North And Middle Andaman,28056,5102,1286,5834,7190,687,7450,7984,1045,459
Andaman and Nicobar Islands,South Andamans,22978,4172,1312,4959,6102,6546,6100,7692,878,244
Andhra Pradesh,Ananthapuramu,929561,270916,34539,12670,9525,7669,43455,32990,4977,38418
Andhra Pradesh,Chittoor,1251667,406047,33067,84078,30343,75302,111645,113173,13195,10979
Andhra Pradesh,East Godavari,1546974,1074314,21969,25510,29177,29655,46051,100213,6690,8634
Andhra Pradesh,Guntur,1531355,847209,23130,30276,17271,21322,54354,77333,5699,15471
Andhra Pradesh,Krishna,1207361,708260,20073,31357,28569,57343,58524,116656,9710,10333
Andhra Pradesh,Kurnool,802437,258606,20826,23956,10130,9280,56022,29551,5341,16088
Andhra Pradesh,Prakasam,1173114,545830,49480,25360,20979,16209,58772,50062,15305,21560
Andhra Pradesh,Sri Potti Sriramulu Nellore,763041,405500,20848,26456,17224,16353,33060,61183,6936,9077
Andhra Pradesh,Srikakulam,670378,313684,19546,22174,24481,9982,35420,27094,2545,13415
Andhra Pradesh,Visakhapatnam,672230,307068,19767,32960,13689,11314,21623,27275,2565,7981
Andhra Pradesh,Vizianagaram,542298,286582,13631,14202,16023,11994,19124,19066,1672,2052
Andhra Pradesh,West Godavari,1415174,820673,21325,32908,22208,25468,44362,101788,8173,4231
Andhra Pradesh,Y.S.R.,781638,239321,13813,10130,6356,9856,27656,53466,3227,13776
Arunachal Pradesh,Anjaw,3829,225,61,93,750,40,623,139,44,5
Arunachal Pradesh,Changlang,5558,447,153,426,716,75,683,272,74,46
Arunachal Pradesh,Dibang Valley,1299,123,26,30,270,17,141,34,21,1
Arunachal Pradesh,East Kameng,8648,184,187,222,1298,77,1021,405,56,27
Arunachal Pradesh,East Siang,11480,1377,461,342,1978,208,2068,1195,138,101
Arunachal Pradesh,Kamle,2014,27,97,347,335,12,258,269,27,24
Arunachal Pradesh,Kra Daadi,207,9,3,3,35,5,17,3,0,0
Arunachal Pradesh,Kurung Kumey,190,3,3,2,7,0,6,7,2,0
Arunachal Pradesh,Lohit,4314,465,109,107,654,81,593,358,8,74
Arunachal Pradesh,Longding,6812,75,175,158,532,76,426,156,9,44
Arunachal Pradesh,Lower Dibang Valley,7796,789,198,214,1313,283,1093,486,152,27
Arunachal Pradesh,Lower Siang,9985,362,388,489,2114,103,1893,1048,116,28
Arunachal Pradesh,Lower Subansiri,863,37,36,125,178,3,87,64,18,3
Arunachal Pradesh,Namsai,10425,1667,257,323,1047,752,902,555,27,62
Arunachal Pradesh,Papum Pare,359,18,2,5,66,3,73,71,7,0
Arunachal Pradesh,Siang,8562,178,220,362,850,23,601,271,64,30
Arunachal Pradesh,Tawang,8863,2029,62,246,1589,116,1370,261,504,19
Arunachal Pradesh,Tirap,1050,2,1,12,147,2,130,35,4,3
Arunachal Pradesh,Upper Siang,5824,230,46,29,1064,47,570,193,77,15
Arunachal Pradesh,Upper Subansiri,14880,409,697,1239,1848,54,1458,1165,189,138
Arunachal Pradesh,West Kameng,11009,1274,283,634,1829,141,1670,493,123,38
Arunachal Pradesh,West Siang,9454,243,380,223,1566,108,1224,834,168,38
Assam,Baksa,200873,57770,6757,14874,15490,3210,17119,5637,2327,1324
Assam,Barpeta,324478,135448,6234,16625,23156,3032,24966,10072,3524,1959
Assam,Biswanath,122891,34175,6755,11093,6258,7509,7212,4597,2002,150
Assam,Bongaigaon,134259,55336,2310,10165,11763,835,12369,4478,1792,808
Assam,Cachar,357047,121456,17960,31279,26328,11817,34280,19987,4440,5474
Assam,Charaideo,86938,28840,2755,7512,5899,12765,6145,4808,2847,611
Assam,Chirang,98762,28714,2760,9385,6255,1545,8405,4612,2437,875
Assam,Darrang,176283,56631,4300,9276,11311,1945,11627,4813,2319,1518
Assam,Dhemaji,129336,10411,4783,8197,8941,1196,9483,5207,2645,2502
Assam,Dhubri,268743,139413,3424,8290,9764,1045,11941,4586,1725,823
Assam,Dibrugarh,244630,74087,8175,23964,18489,32625,29387,26607,16875,2200
Assam,Dima Hasao,31550,2879,1181,4722,4496,506,3277,839,310,343
Assam,Goalpara,189520,81547,5479,7467,10692,1078,12390,6295,3157,1795
Assam,Golaghat,210230,48387,5422,11648,13730,9117,16387,11669,6847,2385
Assam,Hailakandi,138654,37450,7132,11989,9295,2454,9597,7954,1151,3244
Assam,Hojai,94787,28183,1711,2877,3932,1512,5193,3758,1220,543
Assam,Jorhat,251205,73968,11254,33193,40370,21515,45971,42092,20163,2315
Assam,Kamrup,323919,100847,14882,28553,38390,9634,41082,24375,13302,3376
Assam,Kamrup Metro,54802,16150,1778,4398,7421,2702,8547,7228,5665,204
Assam,Karbi Anglong,106532,14983,2891,5528,7902,3811,6978,7683,2526,1682
Assam,Karimganj,181827,64007,6754,14615,10088,3644,12561,7350,2060,1542
Assam,Kokrajhar,180213,48220,5147,9626,11822,1318,11973,5695,1951,2304
Assam,Lakhimpur,190175,37801,6328,14204,16971,4334,17102,8093,5102,2274
Assam,Majuli,33041,2567,1263,3148,3859,241,3418,2157,660,294
Assam,Marigaon,186494,63652,3661,10491,11551,1715,12866,7368,3112,1703
Assam,Nagaon,404171,119474,12670,19601,28460,7734,28744,20578,6605,3320
Assam,Nalbari,154044,53870,6589,17772,22567,3670,24093,7201,3203,870
Assam,Sivasagar,174573,39560,5650,20846,22428,13700,24947,18466,10834,1863
Assam,Sonitpur,306153,80886,9596,33382,27513,16991,29492,27415,8438,1844
Assam,South Salmara Mancachar,123341,73948,964,2392,3314,254,4068,1093,983,780
Assam,Tinsukia,233987,71680,10696,17929,15817,44412,22167,20794,9154,2525
Assam,Udalguri,170174,54844,3357,6889,8326,6589,9763,4380,2265,1818
Assam,West Karbi Anglong,48705,3980,2317,2685,2896,465,2365,2876,499,1265
Bihar,Araria,650191,375469,9624,7569,10846,2934,20347,15868,3634,11464
Bihar,Arwal,115379,63287,3151,5629,8187,1525,10890,2038,1295,3304
Bihar,Aurangabad,370285,199919,5658,11700,17737,3688,33974,16301,7267,14605
Bihar,Banka,397367,182502,13418,9069,10970,4544,19944,14920,2909,9172
Bihar,Begusarai,508862,333491,6592,12376,19662,4116,32309,9326,7487,15874
Bihar,Bhagalpur,485762,300874,8192,15476,24136,3182,37508,16601,13368,8529
Bihar,Bhojpur,426775,242116,6776,17971,31068,7008,41690,6777,4054,12650
Bihar,Buxar,241661,126929,3840,9846,15366,3999,25866,6054,3465,8719
Bihar,Darbhanga,977418,602815,11374,21618,33439,18481,48845,19323,6987,12636
Bihar,Gaya,665944,326817,15465,19378,24836,7204,46673,19425,6368,22730
Bihar,Gopalganj,394660,109615,6471,10901,15654,15623,39086,9521,6077,10313
Bihar,Jamui,292670,125886,5295,5882,8648,1728,16247,10672,2377,7164
Bihar,Jehanabad,170675,94849,5153,9609,13519,1648,17621,4474,1701,6998
Bihar,Kaimur (Bhabua),237393,125439,3243,7103,10801,1757,21724,10635,7683,13541
Bihar,Katihar,650044,423243,10469,11583,16341,2625,29076,20812,5218,12700
Bihar,Khagaria,390899,266626,4765,9606,13649,2223,21051,10470,3867,7681
Bihar,Kishanganj,308989,204893,6734,4395,4740,980,7368,7417,1446,5526
Bihar,Lakhisarai,141284,81860,3862,4414,6057,1278,9275,2587,956,2876
Bihar,Madhepura,529361,248725,6334,11037,18723,2845,21087,22027,6045,10028
Bihar,Madhubani,1029016,510910,14351,21646,32561,34717,62842,16345,5327,14047
Bihar,Munger,233134,158142,2689,15783,19537,907,22182,5619,3112,2841
Bihar,Muzaffarpur,1008082,530692,14762,27083,37165,15681,66062,29027,10628,23259
Bihar,Nalanda,474078,268922,8776,19870,29042,2038,43202,11307,4799,15128
Bihar,Nawada,356367,200559,6103,9618,14164,1779,21837,9615,3138,7936
Bihar,Pashchim Champaran,746302,427122,7473,13215,16802,2274,42121,16398,12202,20674
Bihar,Patna,695003,457560,11424,29398,34000,22484,50929,20851,5319,14779
Bihar,Purbi Champaran,961567,550950,13210,16081,17927,14692,57527,26555,10921,27862
Bihar,Purnia,733082,442853,10802,10956,12154,2240,27876,14462,5994,15851
Bihar,Rohtas,409379,216882,8226,15329,21531,5688,41236,18281,9102,19863
Bihar,Saharsa,401095,236352,6916,10310,15269,2288,19780,8072,3410,4905
Bihar,Samastipur,949588,502186,15759,27851,41756,17767,63003,18785,8995,28874
Bihar,Saran,601329,214186,11570,24752,37559,9625,59188,18156,7672,7893
Bihar,Sheikhpura,92132,53494,1720,3064,4646,284,7201,1657,1164,1614
Bihar,Sheohar,151903,93303,2388,2629,3643,730,7317,1520,1300,2663
Bihar,Sitamarhi,852415,490033,10575,17291,23071,8122,53074,16108,6879,16229
Bihar,Siwan,534103,161137,7813,18123,25570,14739,67543,15371,8193,10509
Bihar,Supaul,525924,278964,18662,8035,13384,1869,22199,12610,4886,12745
Bihar,Vaishali,650211,402513,6868,20668,30364,6590,49788,9914,6524,10425
Chandigarh,Chandigarh,15657,2690,1182,1779,1994,7139,3492,7373,896,50
Chhattisgarh,Balod,152116,39152,1045,3672,9808,438,7948,6233,2292,6805
Chhattisgarh,Balodabazar-Bhatapara,261235,97038,1600,3390,7918,2532,7490,8194,3011,5613
Chhattisgarh,Balrampur Ramanujganj,160326,42604,761,1343,5804,239,2902,3857,1181,1786
Chhattisgarh,Bastar,166813,51380,703,2514,7948,808,4297,4513,1241,1510
Chhattisgarh,Bemetara,146246,57471,485,1372,4212,317,4188,4496,2680,9426
Chhattisgarh,Bijapur,49523,7490,171,421,2108,110,1433,869,196,217
Chhattisgarh,Bilaspur,351453,187283,2166,11902,19245,4367,16934,20342,5309,4489
Chhattisgarh,Dakshin Bastar Dantewada,48774,6097,216,714,2260,46,1557,1683,261,338
Chhattisgarh,Dhamtari,153712,60320,1846,3626,10494,1075,8598,6763,2485,5553
Chhattisgarh,Durg,126436,60525,638,3159,5536,2586,6387,6403,2383,7113
Chhattisgarh,Gariyaband,141996,71938,570,936,4848,133,2466,3518,815,1619
Chhattisgarh,Janjgir-Champa,343006,149794,1485,4946,13963,2078,9892,13287,2533,5078
Chhattisgarh,Jashpur,184116,42705,1744,3815,10019,436,5146,5147,1566,1989
Chhattisgarh,Kabeerdham,132735,60479,471,569,3854,90,3422,2315,1372,4159
Chhattisgarh,Kondagaon,110488,13751,795,2761,5099,153,2046,3568,813,1028
Chhattisgarh,Korba,188215,88259,1016,6790,9669,2229,8095,6504,1140,1263
Chhattisgarh,Korea,110729,37348,1384,4079,7488,223,5401,5613,926,1783
Chhattisgarh,Mahasamund,244772,113756,973,2567,8251,773,5811,7064,2423,5388
Chhattisgarh,Mungeli,147551,77230,665,986,4074,244,2542,2468,915,2904
Chhattisgarh,Narayanpur,17324,1712,81,126,882,103,330,629,154,81
Chhattisgarh,Raigarh,317906,136758,994,5916,14740,3958,10584,11685,3831,8634
Chhattisgarh,Raipur,181025,96948,822,3252,6728,6028,6948,8814,2746,3656
Chhattisgarh,Rajnandgaon,265771,73892,1410,3502,10979,1857,7613,7668,3061,8873
Chhattisgarh,Sukma,54071,5964,226,371,1395,29,687,897,141,239
Chhattisgarh,Surajpur,162311,37661,2121,6854,9795,522,8190,5790,1766,3356
Chhattisgarh,Surguja,165025,42079,622,2651,7296,180,4349,2734,1220,2757
Chhattisgarh,Uttar Bastar Kanker,145946,32524,1177,4991,10597,310,7042,5583,1220,2611
Goa,North Goa,162161,18835,15189,38220,27805,67278,51150,119205,38712,773
Goa,South Goa,114059,14354,11055,21701,12039,50998,28091,78464,21731,581
Gujarat,Ahmadabad,440855,211762,22130,38954,9393,58748,45424,81495,25438,4921
Gujarat,Amreli,243383,100858,14191,9665,7333,2570,33338,62952,8259,12244
Gujarat,Anand,312769,149209,25478,10907,8460,16071,22875,44519,7080,4393
Gujarat,Arvalli,186648,36633,19504,10748,12565,2793,18757,22705,5948,3556
Gujarat,Banas Kantha,518267,156124,42085,15725,17721,7834,50162,39827,35128,10804
Gujarat,Bharuch,228924,114499,16916,15435,6791,27292,27270,61953,8749,2653
Gujarat,Bhavnagar,245427,95499,22542,15759,5445,3206,37520,34361,4594,17283
Gujarat,Botad,91107,41013,6648,2559,1759,2841,8974,17860,2423,3197
Gujarat,Chhotaudepur,197218,45566,31007,6914,5230,2306,10827,11844,2908,3357
Gujarat,Dang,44869,12946,1699,997,1613,214,2868,1588,1050,221
Gujarat,Devbhumi Dwarka,88598,27010,9255,3454,2136,2241,6973,6636,2631,4190
Gujarat,Dohad,337849,16831,21414,12838,14086,1890,15954,14097,2915,3021
Gujarat,Gandhinagar,510380,225495,34216,46846,31066,60096,63519,155780,40877,5150
Gujarat,Gir Somnath,140697,63867,30896,8923,3707,2909,21898,15577,4358,5330
Gujarat,Jamnagar,119682,43284,17238,4512,2838,1542,12613,27776,3280,14316
Gujarat,Junagadh,186867,67945,7505,5041,5283,1134,21320,42519,3358,7399
Gujarat,Kachchh,275000,131394,18187,14147,7680,21179,27673,52889,11431,2441
Gujarat,Kheda,332510,144686,11751,8312,10324,7678,19548,31118,5106,2881
Gujarat,Mahesana,384368,150613,23982,19327,19347,21823,37079,100716,13661,4516
Gujarat,Mahisagar,180188,23210,7305,10049,13723,1613,14612,12053,2261,3642
Gujarat,Morbi,132389,50926,18464,6518,2945,3803,16919,37237,6604,7391
Gujarat,Narmada,112093,62208,5275,3722,4856,1017,6413,6736,1066,561
Gujarat,Navsari,220329,77351,16681,14098,10962,24488,21255,53099,10150,3579
Gujarat,Panch Mahals,273124,52841,24690,9735,10842,7583,13878,14038,2905,2336
Gujarat,Patan,214617,99941,12532,5844,6147,3195,16286,20835,6489,2889
Gujarat,Porbandar,63747,25245,7206,2459,1599,601,6846,6722,1462,1973
Gujarat,Rajkot,265412,97524,32665,13198,6265,10825,37889,91691,9262,19393
Gujarat,Sabar Kantha,248742,73013,17151,12503,15714,7063,27281,48204,10904,8878
Gujarat,Surat,297484,127646,25704,15847,9032,50364,36812,81681,15262,6892
Gujarat,Surendranagar,214633,96430,9502,4753,5333,3317,19851,24715,6735,5176
Gujarat,Tapi,167292,84997,20539,10850,7094,3477,11877,14956,2760,1727
Gujarat,Vadodara,377757,133028,20017,9486,5329,41596,128753,95524,39989,14612
Gujarat,Valsad,276071,63965,23534,16605,10145,61769,25461,68238,10052,5836
Haryana,Ambala,115984,57667,7180,5777,8008,4937,17131,48902,5987,8021
Haryana,Bhiwani,259221,84725,12539,14326,23922,8968,38750,89756,15766,25497
Haryana,Charki Dadri,84139,23300,4066,6279,12886,1998,17276,35696,5492,10052
Haryana,Faridabad,72702,26440,6045,5676,5364,14556,11932,31981,7190,1606
Haryana,Fatehabad,180079,77626,9253,7758,8381,3617,28357,65752,15432,25046
Haryana,Gurugram,103961,27427,12119,12003,12472,23803,22855,56949,12582,7001
Haryana,Hisar,366279,122784,24608,23555,32423,8326,59524,126192,27470,39277
Haryana,Jhajjar,134542,35831,22723,20359,22827,9363,28312,65919,9536,11609
Haryana,Jind,189473,68915,11941,13044,14189,3772,28462,68074,8034,27385
Haryana,Kaithal,179128,79350,3959,6593,8847,2987,25451,65885,9093,23035
Haryana,Karnal,218907,109496,7233,8881,10373,9264,27466,77433,10902,21430
Haryana,Kurukshetra,148861,75131,8108,7070,9080,5253,26823,69941,10949,15629
Haryana,Mahendragarh,150796,42596,12179,14040,25441,7274,32475,52007,6829,11906
Haryana,Nuh,145779,59881,7738,3671,4095,4877,11712,30855,7141,5314
Haryana,Palwal,149034,57491,5701,7563,10918,13042,18590,44543,6931,9276
Haryana,Panchkula,36370,13975,1446,1936,2978,2655,4529,14448,1748,561
Haryana,Panipat,123785,55781,25038,8648,9658,9511,17578,48552,5780,6849
Haryana,Rewari,138581,43173,8389,14641,23837,11295,32203,60296,8173,11178
Haryana,Rohtak,129787,37419,15406,13605,18191,6425,22161,62797,6585,12859
Haryana,Sirsa,210552,88258,14413,7432,7355,3476,34891,81229,24844,34739
Haryana,Sonipat,185143,64464,26044,19405,22062,15107,31448,81172,9744,13459
Haryana,Yamunanagar,138559,72060,7633,6910,8280,4401,18532,49888,7389,11403
Himachal Pradesh,Bilaspur,72905,3101,4697,7991,17781,7626,20963,34171,5570,5150
Himachal Pradesh,Chamba,92274,3023,11012,15653,21896,3180,17632,23671,3558,4473
Himachal Pradesh,Hamirpur,96745,5080,10176,12064,27610,19417,33308,54862,5384,3550
Himachal Pradesh,Kangra,298789,29764,30011,32609,71125,32811,76728,167893,17963,8233
Himachal Pradesh,Kinnaur,18287,837,1222,1867,4715,1059,4459,3139,2214,3243
Himachal Pradesh,Kullu,141361,8266,7146,9668,22747,3720,26510,33203,13098,6351
Himachal Pradesh,Lahul And Spiti,6177,303,375,564,2313,71,1744,259,595,718
Himachal Pradesh,Mandi,195389,7876,12675,16373,48900,12482,47920,61694,10388,10830
Himachal Pradesh,Shimla,123783,3299,5591,10308,28578,4450,29681,34936,11973,12708
Himachal Pradesh,Sirmaur,83489,7739,4398,4580,15242,5737,15314,23030,3660,6457
Himachal Pradesh,Solan,91011,4844,8813,10929,18672,15363,18649,43913,11628,5193
Himachal Pradesh,Una,98627,9228,14299,11654,19466,14349,24010,61283,6612,4536
Jammu and Kashmir,Anantnag,252507,41835,7826,21276,51172,3451,47483,23903,16363,1260
Jammu and Kashmir,Bandipora,108412,15526,2760,9008,19755,1018,17848,5838,3730,506
Jammu and Kashmir,Baramulla,175909,32455,3265,14004,32999,1988,30605,14300,9597,1075
Jammu and Kashmir,Budgam,127154,19804,2583,8285,23804,2665,22466,15450,8170,457
Jammu and Kashmir,Doda,113479,1328,3645,5835,20752,727,16783,7307,1380,406
Jammu and Kashmir,Ganderbal,65249,8731,974,3642,12856,453,10188,5766,2888,256
Jammu and Kashmir,Jammu,209537,38175,15018,30195,56981,12717,58254,122198,11423,3724
Jammu and Kashmir,Kathua,121623,18030,6400,12840,25990,3386,24023,44385,3204,1240
Jammu and Kashmir,Kishtwar,81082,3907,4492,4867,15842,1656,11616,7981,1331,536
Jammu and Kashmir,Kulgam,72849,8275,1372,3751,10818,335,9396,1886,1875,703
Jammu and Kashmir,Kupwara,309009,31811,5584,24839,54232,1447,45093,12577,8069,867
Jammu and Kashmir,Poonch,160162,4911,10088,14523,23344,1439,21395,8818,2022,769
Jammu and Kashmir,Pulwama,80045,11253,2396,6509,16994,1054,15166,7587,5319,581
Jammu and Kashmir,Rajouri,211003,3204,14953,23233,43237,1237,37491,36083,4666,1920
Jammu and Kashmir,Ramban,104666,4426,3811,7046,14874,815,11744,4609,1260,314
Jammu and Kashmir,Reasi,81959,2264,2586,5480,9874,2369,8784,12943,1725,375
Jammu and Kashmir,Samba,65247,9346,4369,11561,22135,5046,21076,44823,3930,415
Jammu and Kashmir,Shopian,40552,3464,429,1639,4912,221,5794,1879,2363,268
Jammu and Kashmir,Srinagar,4405,415,344,814,600,358,782,1410,446,175
Jammu and Kashmir,Udhampur,107932,6373,6940,10629,20752,2093,19141,26575,2884,1895
Jharkhand,Bokaro,280747,57724,7636,28331,28210,6828,31793,26082,4384,2290
Jharkhand,Chatra,175409,43286,3066,5320,5160,1668,8730,6699,1611,3526
Jharkhand,Deoghar,214920,29850,4768,5890,8232,1669,9399,6411,1316,3588
Jharkhand,Dhanbad,262223,70345,14830,35551,30506,9502,39265,31689,3934,2667
Jharkhand,Dumka,265344,44350,3491,6603,11292,1139,10271,8599,1718,3882
Jharkhand,East Singhbum,428965,157058,13150,35688,21681,31567,54158,67749,8939,13208
Jharkhand,Garhwa,230323,43005,2646,4909,7024,5286,10038,8574,2163,4215
Jharkhand,Giridih,395150,60628,7044,13828,19357,5278,25180,14615,4396,4664
Jharkhand,Godda,241745,81586,5734,8233,10133,1444,15148,7451,1842,5308
Jharkhand,Gumla,179972,24724,3815,5566,7531,1510,16948,5089,2290,4022
Jharkhand,Hazaribagh,288898,43196,6125,15194,14036,5678,24821,17703,5707,5233
Jharkhand,Jamtara,138973,22481,1741,3753,5385,462,4416,3855,664,1730
Jharkhand,Khunti,96784,8328,2435,2152,3163,597,2885,2981,601,1454
Jharkhand,Koderma,106100,21510,1779,3257,4394,2244,6820,4091,1353,1897
Jharkhand,Latehar,132160,16825,3255,3477,4411,990,5607,4274,1084,1612
Jharkhand,Lohardaga,80332,9135,1448,2750,2999,633,3197,3550,528,2583
Jharkhand,Pakur,179676,67865,2047,2132,3551,626,4505,2911,745,1498
Jharkhand,Palamu,326389,83238,5268,11027,15439,2981,26659,10119,6082,10282
Jharkhand,Ramgarh,157331,35249,6646,27306,16686,6859,30061,22449,5179,1965
Jharkhand,Ranchi,390946,71839,10456,23293,21124,14225,41409,29781,15260,10395
Jharkhand,Sahebganj,249518,119277,5125,3848,5451,810,8959,3231,1187,3352
Jharkhand,Saraikela Kharsawan,164571,44246,7314,8743,4717,12463,16332,9093,1935,9311
Jharkhand,Simdega,110578,13002,1013,2605,2776,367,7430,1912,1060,1647
Jharkhand,West Singhbhum,254236,101902,8947,8511,3481,11274,22357,11336,2105,10811
Karnataka,Bagalkote,227155,19462,7736,14577,10912,6548,19604,5650,6899,22092
Karnataka,Ballari,263414,42707,6453,35375,7226,11053,16024,12249,6295,6063
Karnataka,Belagavi,639084,130478,28630,39234,28936,25835,38871,24867,16010,11927
Karnataka,Bengaluru Rural,150075,20004,5985,22859,4905,21754,10738,14162,5612,2672
Karnataka,Bengaluru Urban,203211,82515,8003,16588,5782,66851,19328,34989,9222,2637
Karnataka,Bidar,234836,49955,14595,39858,7759,5909,34439,10864,2068,10660
Karnataka,Chamarajanagara,190314,71578,5057,7533,5216,3610,7554,7267,1596,2595
Karnataka,Chikkaballapura,207845,60400,4752,6183,5858,3976,8397,7797,3654,2106
Karnataka,Chikkamagaluru,201131,36278,7521,19170,8039,4193,17791,11187,9483,3379
Karnataka,Chitradurga,273351,37567,7400,14829,11157,3745,14986,8562,4570,6470
Karnataka,Dakshina Kannada,248415,71195,11396,40889,11136,21634,30901,48559,17292,8335
Karnataka,Davangere,269217,22977,7847,30648,10896,5091,18976,7617,8945,7846
Karnataka,Dharwad,159015,22230,3618,9416,6577,6133,7436,2973,8804,2797
Karnataka,Gadag,134644,31458,3281,5097,6240,2013,8784,2629,4202,3441
Karnataka,Hassan,349347,27229,11359,37303,14421,8895,19180,13670,9766,4838
Karnataka,Haveri,250395,82535,7398,11275,8698,3396,17360,6651,5701,4212
Karnataka,Kalaburagi,310696,100765,9893,36958,8597,16673,67280,13542,3905,10290
Karnataka,Kodagu,113443,31671,3604,9473,5466,5170,14555,19733,14704,3556
Karnataka,Kolar,220158,47589,7390,16207,9099,7695,13634,11429,4532,3298
Karnataka,Koppal,199984,27415,4691,24664,5374,3384,9125,6071,4309,3996
Karnataka,Mandya,341183,71346,10867,33518,11632,10000,23291,12449,3966,2834
Karnataka,Mysuru,384759,137559,14785,53783,8034,8546,37391,12632,4437,8529
Karnataka,Raichur,235403,62412,7721,18997,3604,2347,31965,11538,3486,8621
Karnataka,Ramanagara,174396,9688,5863,22900,5237,10607,9153,5492,3252,1948
Karnataka,Shivamogga,251721,91910,6211,7526,9041,3768,23392,8901,7763,5126
Karnataka,Tumakuru,478572,70619,12361,21023,16654,10037,24331,15594,7199,7279
Karnataka,Udupi,191142,54728,10748,21847,9185,27554,25613,43264,11305,1447
Karnataka,Uttara Kannada,230220,64582,7009,14995,13800,6892,19313,19539,5316,3712
Karnataka,Vijayapura,261277,16525,9820,23460,15990,5497,18367,5246,5964,28525
Karnataka,Yadgir,150228,28937,4330,13314,3435,2681,18373,6892,2692,5889
Kerala,Alappuzha,597089,263368,11750,42661,56185,42661,82193,266092,44903,2280
Kerala,Ernakulam,570154,229515,16580,48708,40302,56697,87205,302550,80377,2781
Kerala,Idukki,338252,128551,7119,19193,15542,38995,30173,76921,28722,2810
Kerala,Kannur,424944,124023,10597,28356,28262,19473,51953,189161,37949,5153
Kerala,Kasaragod,232649,61940,5469,13910,11895,9451,25403,84979,18664,5004
Kerala,Kollam,605819,208357,14093,42725,54162,35296,81377,301224,56807,2562
Kerala,Kottayam,537608,173105,16036,46271,40294,45414,87778,293310,89012,3113
Kerala,Kozhikode,566970,232669,13456,34434,39913,16668,65027,219326,39979,3229
Kerala,Malappuram,730842,414975,8404,30575,29798,20590,60069,225262,56669,3315
Kerala,Palakkad,542939,265161,9969,23006,30225,27296,53483,139687,35109,3130
Kerala,Pathanamthitta,336373,95443,6644,22638,28473,19649,50782,195419,46957,988
Kerala,Thiruvananthapuram,650189,270324,13761,42931,59989,31526,73089,247963,46970,3184
Kerala,Thrissur,584975,235353,12181,37473,30624,49794,72994,260305,54811,3335
Kerala,Wayanad,178557,81542,2357,10942,9650,4996,14220,27276,14760,2588
Madhya Pradesh,Agar-Malwa,90290,33513,482,582,1303,281,3150,2059,2070,10982
Madhya Pradesh,Alirajpur,126529,11566,612,1030,2903,321,2557,3863,533,1488
Madhya Pradesh,Anuppur,141327,39131,3217,12979,10757,997,14205,9980,1689,5420
Madhya Pradesh,Ashoknagar,134694,55874,1907,1800,2389,1820,4985,4953,6187,12657
Madhya Pradesh,Balaghat,353594,165623,1987,5795,12408,1175,10323,8614,5420,9847
Madhya Pradesh,Barwani,200959,92095,1114,1819,4167,2965,4532,5053,1730,5855
Madhya Pradesh,Betul,268513,117148,1975,6097,11965,1516,9406,10183,3709,12886
Madhya Pradesh,Bhind,196354,54290,4999,7474,9770,3266,27942,11176,4945,9070
Madhya Pradesh,Bhopal,81343,43915,686,800,2111,1377,3483,2430,2465,7018
Madhya Pradesh,Burhanpur,96835,62244,927,1063,2078,901,4891,4649,1254,5943
Madhya Pradesh,Chhatarpur,286256,101899,2245,3387,6800,994,10000,10384,7626,13634
Madhya Pradesh,Chhindwara,326112,138736,2686,9215,13536,3576,17150,16319,6632,15117
Madhya Pradesh,Damoh,250329,142765,1414,2863,5621,1442,7234,4887,2893,12692
Madhya Pradesh,Datia,131516,33520,803,2116,4402,266,10987,7369,4856,15517
Madhya Pradesh,Dewas,213567,98582,1566,2805,4194,2051,10522,6643,6128,30357
Madhya Pradesh,Dhar,333597,143815,2092,4053,8930,5194,16027,17655,6922,23667
Madhya Pradesh,Dindori,161848,63129,926,2880,6317,212,4550,4175,1580,1907
Madhya Pradesh,Guna,190483,84663,2024,1753,4008,1171,8436,6580,8022,16370
Madhya Pradesh,Gwalior,122015,52095,757,2099,3437,796,9567,7923,5272,10027
Madhya Pradesh,Harda,83768,41679,319,1648,2038,1165,9137,6426,3629,18275
Madhya Pradesh,Indore,145564,75891,1248,3336,4847,5871,12899,14136,8212,18288
Madhya Pradesh,Jabalpur,232505,141639,1546,5031,9106,2088,10404,10188,5790,12919
Madhya Pradesh,Jhabua,186880,34740,685,2853,4994,295,4111,5285,1390,8801
Madhya Pradesh,Katni,235767,111154,1594,4376,8792,2768,7553,5575,1803,5968
Madhya Pradesh,Khandwa (East Nimar),211359,117200,1267,2167,4470,2706,7284,5489,1573,16825
Madhya Pradesh,Khargone (West Nimar),321996,184846,1348,3800,8703,4722,13996,10749,2758,32975
Madhya Pradesh,Mandla,221996,96437,2049,4105,9898,417,6218,5559,2259,3946
Madhya Pradesh,Mandsaur,232520,89696,990,2697,6313,1533,7345,9880,5689,24402
Madhya Pradesh,Morena,273276,85709,5044,6729,11386,2076,21802,8733,7670,11436
Madhya Pradesh,Narmadapuram,173717,90001,974,4830,8969,1697,17559,10926,5352,29524
Madhya Pradesh,Narsimhapur,208244,122437,799,2353,6303,868,9821,6656,4459,19944
Madhya Pradesh,Neemuch,125436,49892,509,2388,3670,1784,4981,4760,3346,12000
Madhya Pradesh,Panna,207410,90569,1534,3554,7104,533,5975,5694,2767,6955
Madhya Pradesh,Raisen,209225,111037,1008,1650,5500,722,12190,7328,6853,26623
Madhya Pradesh,Rajgarh,312191,143739,1257,2587,6786,784,6770,6848,3931,24818
Madhya Pradesh,Ratlam,218774,79528,789,3806,5558,770,5921,5984,4040,25700
Madhya Pradesh,Rewa,451923,211475,6318,18084,38536,8084,49512,22871,9941,13868
Madhya Pradesh,Sagar,384591,198597,1937,3842,8903,2160,11409,9221,9003,26611
Madhya Pradesh,Satna,390439,213855,4184,9953,18937,5233,23495,14905,10546,15481
Madhya Pradesh,Sehore,217050,100528,1600,2186,5760,1423,11097,8368,7051,31206
Madhya Pradesh,Seoni,292703,153286,1113,4492,11180,524,10744,8807,7266,8045
Madhya Pradesh,Shahdol,216750,85066,1782,6758,10493,2734,9479,8454,1988,4072
Madhya Pradesh,Shajapur,147913,63809,1211,2098,3828,2213,9806,5437,5944,21323
Madhya Pradesh,Sheopur,127875,64289,872,826,2667,523,6434,3820,4267,7992
Madhya Pradesh,Shivpuri,278359,95929,1694,2595,5667,836,12711,8325,5456,13301
Madhya Pradesh,Sidhi,228964,104994,2641,5384,12088,2139,14297,8239,3273,5291
Madhya Pradesh,Singrauli,197623,91341,2338,2580,5117,2062,7147,5992,3183,3193
Madhya Pradesh,Tikamgarh,261692,100628,2299,4021,7628,722,10899,9829,4260,9940
Madhya Pradesh,Ujjain,239825,104561,1211,3322,4889,2572,15316,8409,7676,39293
Madhya Pradesh,Umaria,119053,46295,1076,4390,5925,753,6318,4325,1673,2484
Madhya Pradesh,Vidisha,237607,122234,1337,2027,5039,760,13248,8089,10603,26633
Maharashtra,Ahmednagar,733945,194259,18731,39726,41696,16575,76651,69458,17138,45789
Maharashtra,Akola,256471,132092,3125,7986,11327,2275,21850,12028,1750,5965
Maharashtra,Amravati,438820,239215,5085,11465,16619,3226,29323,19637,2804,4255
Maharashtra,Beed,451311,132807,7511,16281,22167,3839,51228,27096,6018,4415
Maharashtra,Bhandara,230804,98563,7547,13169,13465,4353,19420,15053,2391,5441
Maharashtra,Buldhana,459981,206259,5813,16070,22011,3581,42719,21884,3235,13828
Maharashtra,Chandrapur,375621,160757,7619,22448,19605,7827,33434,31532,3222,15850
Maharashtra,Chhatrapati Sambhajinagar,437160,138033,7755,10967,10766,7419,37267,29206,5850,6395
Maharashtra,Dharashiv,297568,99062,6607,11314,16268,3337,28265,15787,3879,2721
Maharashtra,Dhule,285062,133028,4211,9201,11737,2513,22374,18753,2457,7175
Maharashtra,Gadchiroli,210013,87970,3699,7820,9835,1612,14127,9286,935,1964
Maharashtra,Gondia,247259,107892,4314,7617,9323,2368,13230,9119,1796,5302
Maharashtra,Hingoli,198682,74902,2226,4805,6737,752,14871,6494,1325,3412
Maharashtra,Jalgaon,629590,356959,7913,19277,26939,5832,44428,51682,4286,17572
Maharashtra,Jalna,303458,88553,4366,4785,7194,1935,29217,13557,3569,3502
Maharashtra,Kolhapur,575423,107368,21330,43246,40846,74530,79654,61314,19097,7985
Maharashtra,Latur,360602,141587,9336,21675,24077,5904,49316,24235,5034,47409
Maharashtra,Nagpur,369674,174937,19226,30625,23177,32341,34469,50650,5955,16045
Maharashtra,Nanded,480900,178746,8540,17763,22203,3325,49593,21849,3606,5862
Maharashtra,Nandurbar,288702,176950,2620,6400,8134,1344,15071,12248,1830,3268
Maharashtra,Nashik,675050,241846,17361,33699,30021,16261,53049,59152,16673,5275
Maharashtra,Palghar,326612,116936,7869,19562,15595,33510,30475,55494,6059,2744
Maharashtra,Parbhani,258608,91870,2236,4672,6888,1473,17499,9436,1946,5749
Maharashtra,Pune,695094,155720,29966,61820,38454,112671,120017,162731,37108,96631
Maharashtra,Raigad,385444,99297,11249,30759,27036,54794,45037,111900,12337,1139
Maharashtra,Ratnagiri,336151,65420,11883,18750,19423,25409,26616,45481,8515,1179
Maharashtra,Sangli,411888,83953,17906,24297,23908,26164,56563,42904,12805,4796
Maharashtra,Satara,509977,100409,15668,31039,38734,34304,64564,59045,16511,8393
Maharashtra,Sindhudurg,180815,37275,5897,9396,16318,6836,15505,22656,4609,678
Maharashtra,Solapur,589485,185769,12198,26409,29389,8090,64964,44607,9903,5480
Maharashtra,Thane,221773,72716,7243,21407,17654,34580,29108,52540,5510,1375
Maharashtra,Wardha,225903,95552,5178,11644,13251,6722,26108,27226,2746,6984
Maharashtra,Washim,216989,102278,2648,7641,8862,907,20023,8197,1412,3794
Maharashtra,Yavatmal,547546,308464,7267,18771,19560,4326,42751,26970,3712,14089
Manipur,Bishnupur,22729,3960,733,3218,4097,615,3747,2164,1271,359
Manipur,Chandel,18063,1092,120,718,3428,283,2763,1050,908,16
Manipur,Churachandpur,45008,8651,536,3247,6884,1448,7148,5291,1638,124
Manipur,Imphal East,55728,17704,919,7804,11620,2498,11026,7491,4392,1151
Manipur,Imphal West,62903,13350,1492,8289,12977,3241,13248,11490,6012,798
Manipur,Jiribam,5477,1788,87,314,535,135,468,442,43,10
Manipur,Kakching,15854,5692,244,888,1766,421,1559,755,585,271
Manipur,Kamjong,11200,358,46,336,1467,253,1198,164,236,27
Manipur,Kangpokpi,54287,1922,1197,1991,8455,1586,9016,3982,2062,69
Manipur,Noney,9555,751,146,1374,820,170,898,392,210,42
Manipur,Pherzawl,8976,1075,24,157,309,237,339,37,54,8
Manipur,Senapati,52486,1147,1046,1592,4830,2081,5689,2221,1720,95
Manipur,Tamenglong,34743,5720,922,2526,6342,1080,6150,1674,1440,40
Manipur,Tengnoupal,11258,1050,54,474,1770,106,2076,368,433,352
Manipur,Thoubal,22191,7765,208,1383,3798,356,3621,1000,990,362
Manipur,Ukhrul,28037,1041,272,1901,4568,1044,4468,573,970,61
Meghalaya,East Garo Hills,22435,5604,400,759,900,102,759,553,156,244
Meghalaya,East Jaintia Hills,22197,8908,371,588,807,486,2407,1214,238,124
Meghalaya,East Khasi Hills,128931,54337,1851,13523,20918,9251,20997,11541,10705,444
Meghalaya,North Garo Hills,29984,5875,791,1424,2072,246,1777,848,308,293
Meghalaya,Ri Bhoi,45228,13948,775,1853,3046,815,3156,1553,1445,341
Meghalaya,South Garo Hills,21856,4263,472,940,1445,214,1036,556,351,96
Meghalaya,South West Garo Hills,33042,9020,1123,2422,3006,343,2171,941,356,2608
Meghalaya,South West Khasi Hills,16990,7398,274,1044,1211,392,1336,208,469,72
Meghalaya,West Garo Hills,76626,20406,3491,5067,5392,882,4657,2473,895,381
Meghalaya,West Jaintia Hills,43805,22574,899,1972,2741,476,3578,1096,1179,108
Meghalaya,West Khasi Hills,42265,14390,432,1367,1791,587,2366,381,893,124
Mizoram,Aizawl,17812,1931,575,2215,2183,2352,2185,5535,733,200
Mizoram,Champhai,16099,1067,494,1850,1507,892,1495,3442,488,90
Mizoram,Kolasib,6394,826,153,500,553,147,514,1621,72,119
Mizoram,Lawngtlai,27033,2654,1115,2266,1525,570,1795,2961,665,293
Mizoram,Lunglei,18621,677,384,1274,1816,657,1844,3448,364,110
Mizoram,Mamit,15757,1475,607,1749,1824,349,1496,4002,245,251
Mizoram,Serchhip,7302,251,248,638,715,407,893,2157,251,177
Mizoram,Siaha,6587,217,285,786,780,502,718,746,64,77
Nagaland,Dimapur,32986,4360,567,4971,8137,2581,8470,14266,4966,77
Nagaland,Kiphire,10689,175,77,727,1176,39,461,82,101,36
Nagaland,Kohima,26353,1448,902,4904,7769,1041,6091,2128,3115,73
Nagaland,Longleng,7857,139,591,211,446,52,283,136,78,188
Nagaland,Mokokchung,24446,2144,175,2151,4415,642,3916,2842,1247,52
Nagaland,Mon,26388,930,377,2386,1648,190,937,701,151,53
Nagaland,Peren,12579,573,112,737,1137,180,1008,526,317,168
Nagaland,Phek,24220,333,499,2932,4022,506,2909,355,1003,47
Nagaland,Tuensang,22084,577,170,1411,1990,134,1225,203,115,42
Nagaland,Wokha,21529,1172,611,2815,3623,504,2858,451,539,86
Nagaland,Zunheboto,18935,906,240,3623,4303,421,3553,308,1180,69
Odisha,Anugul,280578,98240,11584,19752,18586,6361,27200,29668,4193,6457
Odisha,Balangir,405516,168974,3529,5780,12178,1904,10268,7512,1217,2437
Odisha,Baleshwar,507282,161039,10343,12920,23198,11742,34824,29149,11160,8673
Odisha,Bargarh,360771,139776,3366,4531,11032,3257,10661,12528,1836,8395
Odisha,Bhadrak,306735,91704,5430,24232,15035,9755,33103,21442,11644,6030
Odisha,Boudh,108931,36916,1155,1363,2998,342,2371,2315,339,1720
Odisha,Cuttack,448758,200267,9401,16712,32578,15141,33285,35918,3274,7843
Odisha,Deogarh,74410,27470,1118,1599,3976,521,2875,2663,272,1667
Odisha,Dhenkanal,272773,137365,3766,5981,12755,5587,11672,13732,1451,4424
Odisha,Gajapati,125989,75734,1451,2332,3208,533,2396,2266,573,524
Odisha,Ganjam,652975,326334,13084,13122,22025,7525,25528,26414,8322,6259
Odisha,Jagatsinghapur,247700,71591,6525,10372,18912,15845,22523,22026,2364,5513
Odisha,Jajapur,413305,188822,10592,19653,22800,17454,34272,33866,7830,5865
Odisha,Jharsuguda,87340,28628,1047,4895,4800,2846,6886,7335,1517,1713
Odisha,Kalahandi,383014,190217,2858,5730,11732,1983,9181,8070,1566,3968
Odisha,Kandhamal,164174,82387,1782,3228,6659,837,4692,3312,512,1164
Odisha,Kendrapara,325377,110703,7119,10614,19236,14503,27325,23019,1946,5528
Odisha,Kendujhar,368263,94046,5839,8953,15692,7258,15991,15335,3109,5535
Odisha,Khordha,402325,135332,9130,9542,17896,6708,16639,71235,44721,4468
Odisha,Koraput,287792,134083,2637,5315,8183,1639,6877,7329,3075,2233
Odisha,Malkangiri,128353,21856,1214,1684,3188,335,2578,2917,420,1510
Odisha,Mayurbhanj,600528,196333,8160,10331,24339,3890,20134,17453,2798,6463
Odisha,Nabarangpur,265620,98994,3426,2623,5957,1027,5169,4900,1067,2132
Odisha,Nayagarh,229999,103672,4026,4196,10775,2466,8826,10068,875,4495
Odisha,Nuapada,159341,48860,1855,2364,5363,687,4508,4149,641,2155
Odisha,Puri,325459,106916,9164,9504,16463,7419,16257,16860,1805,5895
Odisha,Rayagada,207700,120309,2018,2868,5542,3402,4989,5930,850,867
Odisha,Sambalpur,170914,69083,1950,3114,6783,2103,6847,8089,1317,5527
Odisha,Sonepur,147869,59550,1841,2012,5094,834,4472,5026,665,2679
Odisha,Sundargarh,348348,94496,5622,10965,14865,9380,16693,19405,3142,7602
Puducherry,Karaikal,33709,12322,2120,2695,4061,6900,5423,11810,915,178
Puducherry,Pondicherry,108068,40711,3255,6515,10136,23408,13021,36598,1749,1330
Punjab,Amritsar,342196,158405,24196,27496,24989,17579,45061,234041,17022,18823
Punjab,Barnala,77351,33233,2132,2848,3452,1495,15444,52260,9171,13913
Punjab,Bathinda,193315,86484,4768,8581,9789,3100,31686,116836,25342,23957
Punjab,Faridkot,147309,65381,12799,9799,9483,3834,31181,92086,18915,16909
Punjab,Fatehgarh Sahib,77602,36090,3859,5588,5887,4266,17625,54761,11401,10669
Punjab,Fazilka,249592,143619,5388,8554,10813,3111,33842,105373,18276,16314
Punjab,Ferozepur,326453,169992,12272,16919,18825,5599,56633,182424,27766,25502
Punjab,Gurdaspur,320487,143381,22767,32288,40425,11581,61816,231381,14766,23436
Punjab,Hoshiarpur,316026,124653,24685,34290,38563,17641,68758,227769,21068,10055
Punjab,Jalandhar,243193,118188,6509,13383,12918,15057,37925,198591,22564,10085
Punjab,Kapurthala,107191,46534,4912,8372,9504,5299,19808,88224,9499,6347
Punjab,Ludhiana,378448,181317,25563,38439,27097,61491,75421,264252,52111,20940
Punjab,Mansa,116780,52447,4682,4730,5166,1534,12998,55216,11453,14350
Punjab,Moga,195909,99231,5651,8693,9534,3800,34353,126102,22063,15684
Punjab,Pathankot,91662,39208,6063,12961,15814,5876,19969,56304,2870,1556
Punjab,Patiala,314266,152566,17565,20756,20224,14212,54274,203757,31998,31652
Punjab,Rupnagar,123885,38635,8354,15278,16496,8850,24663,85312,9770,5582
Punjab,S.A.S Nagar,80659,34970,6009,6993,7926,12411,11094,54761,8410,2573
Punjab,Sangrur,223224,93943,18576,12899,13546,8859,41077,138365,25508,34849
Punjab,Shahid Bhagat Singh Nagar,126230,56732,12303,8610,8963,6327,23194,94487,10409,5422
Punjab,Sri Muktsar Sahib,169813,87617,3821,7337,7590,2186,33350,90215,25248,12833
Punjab,Tarn Taran,251342,107849,11388,13704,15761,5485,36891,165495,12465,20750
Rajasthan,Ajmer,311000,77583,5650,9013,17623,8626,24002,21626,9051,20968
Rajasthan,Alwar,513384,158599,9422,27287,46877,12187,75424,93660,27658,77203
Rajasthan,Banswara,352093,55450,8176,7876,12099,4393,15134,14519,2625,5520
Rajasthan,Baran,211868,90409,2218,4080,6674,1996,14153,11771,7659,31418
Rajasthan,Barmer,464843,66274,8746,12057,19022,22721,38565,18334,15688,31703
Rajasthan,Bharatpur,343912,106955,3191,14675,26170,5532,42113,49333,13836,62502
Rajasthan,Bhilwara,389727,84611,2975,9238,14263,10167,21603,20673,8959,19443
Rajasthan,Bikaner,256741,61262,1878,4861,8286,3047,21387,16332,12245,24730
Rajasthan,Bundi,195654,71715,3204,3570,5766,2615,9369,7810,4231,21705
Rajasthan,Chittorgarh,274103,66548,1116,6081,9016,4654,14871,14234,7760,19021
Rajasthan,Churu,274894,37467,3496,8349,17080,5426,28039,26580,9285,27356
Rajasthan,Dausa,263893,76743,7441,11180,19901,7022,27931,19578,6754,22675
Rajasthan,Dholpur,173337,65830,1625,3540,5639,1656,12638,9607,3987,10696
Rajasthan,Dungarpur,295611,73463,6414,7186,11785,4003,14086,11563,2288,3177
Rajasthan,Ganganagar,284336,123336,8800,7385,11046,4630,36523,68495,21106,40829
Rajasthan,Hanumangarh,275571,83432,5872,6472,10423,4012,37299,58758,20606,46721
Rajasthan,Jaipur,526736,170194,6253,22792,38918,18542,63054,65727,34584,50467
Rajasthan,Jaisalmer,109631,38895,1068,2813,5944,943,10122,5351,3671,6958
Rajasthan,Jalore,324303,57863,14038,8213,8905,21708,31044,14104,22916,38332
Rajasthan,Jhalawar,260342,98721,2784,3843,7083,2267,10622,10850,5143,25966
Rajasthan,Jhunjhunu,317444,58236,8205,25945,50396,15780,71327,76627,14831,29980
Rajasthan,Jodhpur,457675,72454,19820,18203,33014,20280,57421,40676,23319,25084
Rajasthan,Karauli,250338,97042,2640,12088,20626,3095,27157,16641,5661,10002
Rajasthan,Kota,138124,61522,1521,2875,4113,3709,10496,7998,5580,18890
Rajasthan,Nagaur,512183,99914,5907,18213,35311,13073,55936,55324,24760,32048
Rajasthan,Pali,347265,93512,10802,11200,15557,21087,33154,23118,9642,21714
Rajasthan,Pratapgarh,177687,38832,740,1894,3205,849,5100,6415,3996,8559
Rajasthan,Rajsamand,220068,48499,4841,6431,8797,10536,14221,11502,6359,3153
Rajasthan,Sawai Madhopur,220876,75540,3353,8911,13685,2185,18668,12167,5100,16862
Rajasthan,Sikar,365116,77238,7104,20732,39519,17307,67665,57739,21746,55915
Rajasthan,Sirohi,168925,47887,4055,4752,6149,17607,14222,10869,4034,9178
Rajasthan,Tonk,233126,59506,2621,5823,10462,2787,17452,12053,7778,24606
Rajasthan,Udaipur,541055,128439,7352,14463,19374,12449,27120,28162,9808,6423
Sikkim,Gangtok,31842,5398,2138,6974,7363,2376,5484,4634,2498,150
Sikkim,Gyalshing,28028,2061,1216,3188,5347,644,3264,1869,1544,289
Sikkim,Mangan,7710,1068,432,1164,2012,452,1322,1081,728,23
Sikkim,Namchi,24214,1734,1284,3106,4165,1147,2953,2431,1539,716
Tamil Nadu,Ariyalur,220889,105176,1881,8667,10294,7024,12420,16950,2341,4544
Tamil Nadu,Coimbatore,297388,160660,7864,14080,9754,56266,24867,47398,12273,4396
Tamil Nadu,Cuddalore,477727,244807,8541,19468,20414,25209,27252,62357,11046,7335
Tamil Nadu,Dharmapuri,357631,143493,7796,15648,20556,12709,23734,29137,4604,5709
Tamil Nadu,Dindigul,423307,252462,5898,14445,18732,19134,22536,30083,5585,9441
Tamil Nadu,Erode,356212,204795,6003,13415,13069,17402,22868,39633,8591,9081
Tamil Nadu,Kanchipuram,477480,291466,7802,32791,23162,76656,48697,139495,14353,5516
Tamil Nadu,Kanniyakumari,239238,143475,5243,13554,17391,16620,25314,66999,6193,1447
Tamil Nadu,Karur,180706,104340,1876,5775,6036,7250,8291,16832,2555,2945
Tamil Nadu,Krishnagiri,388853,155756,8881,16384,21187,25773,23198,38836,5499,5957
Tamil Nadu,Madurai,407009,272120,5517,14690,20178,22610,21407,31655,4253,10440
Tamil Nadu,Nagapattinam,338424,202408,5132,9686,13722,15790,17446,42842,4084,3278
Tamil Nadu,Namakkal,343748,194969,4765,14839,14673,16736,25578,57595,7217,4943
Tamil Nadu,Perambalur,133627,53850,1738,3126,4099,2767,5201,11576,1321,320
Tamil Nadu,Pudukkottai,405512,202175,4679,11857,15184,11966,15465,32512,3829,5091
Tamil Nadu,Ramanathapuram,350609,185925,4685,8696,12883,8202,17059,30714,2837,2481
Tamil Nadu,Salem,544869,315819,7503,18409,19033,20364,28013,52490,12720,16199
Tamil Nadu,Sivaganga,391312,173920,6074,11860,17368,18149,19746,43941,3654,5451
Tamil Nadu,Thanjavur,436463,260269,4729,17285,19097,16782,30848,58375,5296,11798
Tamil Nadu,The Nilgiris,93012,57846,1537,5071,5546,6126,6501,3923,3209,3991
Tamil Nadu,Theni,388472,289073,3441,12230,14929,9255,22413,22794,2422,4354
Tamil Nadu,Thiruvallur,508539,289202,12958,31685,29142,81512,37572,128382,6600,9258
Tamil Nadu,Thiruvarur,260623,164409,2892,8766,12350,6209,12657,29334,2903,2332
Tamil Nadu,Tiruchirappalli,409033,207178,5555,19726,23691,19445,25413,47180,5179,9447
Tamil Nadu,Tirunelveli,527966,340352,6469,20553,24835,22446,28589,44608,6353,9111
Tamil Nadu,Tiruppur,322574,195355,7118,10613,7768,17576,18331,37659,10417,4730
Tamil Nadu,Tiruvannamalai,559895,254009,10530,17233,27312,17585,21910,43107,3620,5158
Tamil Nadu,Tuticorin,303337,187636,4762,13877,17558,12107,18254,29961,4281,3646
Tamil Nadu,Vellore,726929,436077,7967,30911,40192,40798,40289,94719,5368,26930
Tamil Nadu,Villupuram,700421,379849,7379,19463,25429,20558,28987,67076,7121,14808
Tamil Nadu,Virudhunagar,515486,361457,6824,21876,26854,28946,32409,42866,4222,7878
The Dadra And Nagar Haveli And Daman And Diu,Dadra And Nagar Haveli,43461,9000,5000,2399,1708,18203,4140,5481,1384,152
The Dadra And Nagar Haveli And Daman And Diu,Daman,30285,5761,3526,2116,804,20815,5983,8500,1482,1872
The Dadra And Nagar Haveli And Daman And Diu,Diu,4344,319,90,115,229,839,967,1657,81,8
Tripura,Dhalai,210325,70711,12683,21282,23972,798,13485,12751,1501,2121
Tripura,Gomati,287938,104762,25115,25934,35091,1079,24731,17167,3095,3772
Tripura,Khowai,215459,91552,12862,18027,25532,553,17220,13913,1529,1083
Tripura,North Tripura,252686,80874,12831,14038,20581,1385,13297,12530,3042,1082
Tripura,Sepahijala,270965,107167,21788,23338,29299,833,21954,18477,2955,1976
Tripura,South Tripura,287792,89754,17955,23818,31047,1000,24783,13852,3579,1509
Tripura,Unakoti,123683,37140,6441,9241,12814,622,9295,8116,1330,906
Tripura,West Tripura,350526,125667,31394,39846,54266,2767,40896,36021,4317,2353
Uttar Pradesh,Agra,372905,107708,26541,48098,11531,25808,39224,100040,20329,57919
Uttar Pradesh,Aligarh,396002,159545,4468,11543,17703,4871,31087,40536,9116,48211
Uttar Pradesh,Ambedkar Nagar,319305,66891,7002,15108,19586,4115,31287,16336,9906,18094
Uttar Pradesh,Amethi,292177,84077,5027,8792,12415,8304,23565,16167,6523,12713
Uttar Pradesh,Amroha,210936,42354,10777,6635,3739,29205,18710,48802,3019,12003
Uttar Pradesh,Auraiya,207191,56029,10382,6281,7985,7456,11985,13786,3309,9866
Uttar Pradesh,Ayodhya,376770,96190,6631,14723,24577,6667,36174,21571,8448,16040
Uttar Pradesh,Azamgarh,606876,52409,20332,16671,21707,55009,61342,63789,7902,45285
Uttar Pradesh,Baghpat,161157,46368,17238,10716,4954,9265,14633,48330,2800,20608
Uttar Pradesh,Bahraich,524467,129077,15514,4623,7555,5475,18999,14339,4052,22359
Uttar Pradesh,Ballia,358280,155687,4755,19472,35937,6413,45558,15358,5322,15730
Uttar Pradesh,Balrampur,290246,97276,6062,3638,5757,4033,21471,10604,7322,11726
Uttar Pradesh,Banda,266622,108625,4039,5094,6785,1319,10896,8078,3223,20743
Uttar Pradesh,Barabanki,518293,152381,5988,8296,14057,2769,29586,21552,11152,49637
Uttar Pradesh,Bareilly,459428,188561,5911,9133,10107,5378,25110,28561,7873,36166
Uttar Pradesh,Basti,377649,89239,6696,14014,20227,7022,34868,17270,9838,18734
Uttar Pradesh,Bhadohi,187196,73791,4852,4371,6322,8525,18364,11402,4347,5325
Uttar Pradesh,Bijnor,489378,217060,12208,7153,9649,12291,36458,51102,3422,73450
Uttar Pradesh,Budaun,403177,115478,5100,5413,6913,4343,20971,18391,8361,30863
Uttar Pradesh,Bulandshahr,424093,171792,8169,13162,23646,10263,41502,62392,13669,68560
Uttar Pradesh,Chandauli,262593,138476,3391,8365,15132,2584,21424,10979,4315,8214
Uttar Pradesh,Chitrakoot,151240,50261,1084,3313,6106,575,11125,5565,3068,9448
Uttar Pradesh,Deoria,448073,70122,25161,21484,33277,72650,57126,22285,5708,14446
Uttar Pradesh,Etah,241868,55311,4076,5894,11768,2562,19968,12184,5452,18659
Uttar Pradesh,Etawah,213679,50058,19411,6687,11629,8607,14483,18853,3227,13896
Uttar Pradesh,Farrukhabad,246248,80237,3166,5223,10196,5740,17434,12996,5346,21832
Uttar Pradesh,Fatehpur,405391,151442,5301,6883,13721,5008,24557,14569,2795,18052
Uttar Pradesh,Firozabad,257484,86636,3815,7406,10869,3384,21268,30352,5518,18895
Uttar Pradesh,Gautam Buddha Nagar,42471,11551,4496,2504,3485,7630,6906,14783,3892,3299
Uttar Pradesh,Ghaziabad,106910,37498,11258,4675,6045,21090,16998,40061,5256,7552
Uttar Pradesh,Ghazipur,477191,102623,12066,18956,36032,11822,55363,27132,6620,28048
Uttar Pradesh,Gonda,523254,111796,7772,13070,22170,5038,42662,25166,12979,35107
Uttar Pradesh,Gorakhpur,569449,212513,14274,21603,34756,11801,61111,29401,8924,15591
Uttar Pradesh,Hamirpur,173890,57389,1620,4323,6559,560,8925,9043,6219,22853
Uttar Pradesh,Hapur,144562,46187,13044,12976,14122,15588,18399,43518,11875,26154
Uttar Pradesh,Hardoi,676777,136239,5982,10459,13781,2992,27228,44814,46404,47742
Uttar Pradesh,Hathras,199339,78235,12464,7450,11008,4109,24780,45420,4590,28742
Uttar Pradesh,Jalaun,211406,54029,8286,5391,7057,2962,14031,18762,5260,25462
Uttar Pradesh,Jaunpur,585443,119398,22799,21359,30076,45619,66649,40912,8955,43564
Uttar Pradesh,Jhansi,209435,42255,6843,5187,6639,2435,11047,16445,5321,51424
Uttar Pradesh,Kannauj,232933,51278,2935,5638,9461,1905,14493,13156,5433,23810
Uttar Pradesh,Kanpur Dehat,293813,109968,4305,7301,12250,5279,17929,18133,6709,18844
Uttar Pradesh,Kanpur Nagar,279719,90900,6752,4855,7237,15504,13822,15774,3239,16100
Uttar Pradesh,Kasganj,191433,47733,1416,2906,4893,1983,11223,6812,3467,14385
Uttar Pradesh,Kaushambi,242316,89076,5892,5715,8558,6487,12904,10689,2441,6911
Uttar Pradesh,Kheri,640628,240929,5899,8057,12195,1628,30707,27011,17127,61565
Uttar Pradesh,Kushi Nagar,543474,108530,6511,11067,17831,6640,43424,16070,9393,15718
Uttar Pradesh,Lalitpur,185248,25930,4486,2477,3745,951,7537,5887,3033,46148
Uttar Pradesh,Lucknow,276550,84997,5413,9882,15116,7284,20353,32840,6038,9473
Uttar Pradesh,Mahoba,127374,33111,1957,2664,3686,576,6017,4912,5680,21126
Uttar Pradesh,Mahrajganj,402270,58312,4071,8309,13628,2295,26468,14513,8610,19423
Uttar Pradesh,Mainpuri,258764,40364,9573,7248,12066,7083,15678,19708,4533,13977
Uttar Pradesh,Mathura,263587,99732,5091,8070,12636,6168,30704,50427,11629,34857
Uttar Pradesh,Mau,251204,65956,3908,11523,17043,7170,30865,13549,5225,10113
Uttar Pradesh,Meerut,252476,128685,3996,8819,12906,7351,28931,59213,10738,42425
Uttar Pradesh,Mirzapur,332438,155942,5757,11398,16584,4348,25744,19651,9038,15405
Uttar Pradesh,Moradabad,324496,152361,4339,6192,9593,4468,23330,25615,9424,35256
Uttar Pradesh,Muzaffarnagar,345478,150341,25431,7210,4604,14484,42994,82145,5866,47247
Uttar Pradesh,Pilibhit,296038,106565,6527,3004,6575,3607,14433,13195,4928,26620
Uttar Pradesh,Pratapgarh,481251,122752,6780,18176,29456,16907,53361,22676,10026,15525
Uttar Pradesh,Prayagraj,692126,252510,14424,26523,40885,18846,78060,48866,17176,26765
Uttar Pradesh,Rae Bareli,483727,157727,7344,13808,20622,4521,33846,23156,6388,20576
Uttar Pradesh,Rampur,298710,94068,11130,1522,1210,7813,8495,31531,2741,23413
Uttar Pradesh,Saharanpur,417413,180704,18023,8666,5979,16699,32613,105699,15841,68988
Uttar Pradesh,Sambhal,273701,70827,8517,5184,4462,11452,20907,31632,8457,35454
Uttar Pradesh,Sant Kabir Nagar,237845,63952,9080,6247,10145,5809,16811,10262,3934,8185
Uttar Pradesh,Shahjahanpur,381178,150073,6974,3511,6811,2408,17497,12234,5537,27700
Uttar Pradesh,Shamli,144207,50049,4016,2903,1671,2416,26043,23420,2401,17604
Uttar Pradesh,Shrawasti,176483,40461,3672,2328,3429,612,11074,6817,2776,10192
Uttar Pradesh,Siddharth Nagar,375814,90392,3215,5517,10748,2307,27921,14091,8262,13192
Uttar Pradesh,Sitapur,714152,201856,7810,10585,15744,2007,29362,19783,12999,33587
Uttar Pradesh,Sonbhadra,262282,109284,1808,2769,5910,2611,9175,8283,6370,10069
Uttar Pradesh,Sultanpur,335692,101325,8058,11108,18210,11795,37212,17849,8524,16430
Uttar Pradesh,Unnao,474003,129257,6082,9618,12492,3250,20719,17838,5928,23702
Uttar Pradesh,Varanasi,334718,130287,9008,16238,25113,13137,39605,34944,6994,8426
Uttarakhand,Almora,124179,3764,5080,6891,14387,10215,12763,8940,985,1639
Uttarakhand,Bageshwar,53137,2239,2066,3146,8218,6486,6626,5471,747,458
Uttarakhand,Chamoli,66436,1904,2012,4039,13646,2944,9915,4517,973,784
Uttarakhand,Champawat,43500,2638,2236,2850,4733,1983,5479,5840,799,709
Uttarakhand,Dehradun,155457,34633,13303,26059,32575,24264,41038,83865,11607,7025
Uttarakhand,Haridwar,209604,109693,7526,8416,9113,15036,20451,49743,8751,21397
Uttarakhand,Nainital,99488,11048,9436,8961,12016,7777,17684,34054,2317,3150
Uttarakhand,Pauri Garhwal,137021,4625,3844,12429,21913,9036,22419,27505,1868,993
Uttarakhand,Pithoragarh,87911,2687,4613,5097,17494,6080,14839,9306,1390,1494
Uttarakhand,Rudra Prayag,46730,2128,964,3596,5506,3532,6476,4236,355,265
Uttarakhand,Tehri Garhwal,119331,6842,4428,5396,10494,18033,11228,12685,2405,1313
Uttarakhand,Udam Singh Nagar,195832,75647,11489,10062,13297,17375,23960,58855,8357,15591
Uttarakhand,Uttar Kashi,60297,1739,1901,2490,6062,1294,5307,3741,468,2266
West Bengal,Alipurduar,332395,173229,8170,25665,15921,27813,21588,18465,4383,1899
West Bengal,Bankura,725158,298123,8375,40281,45185,17350,45659,31359,2933,8888
West Bengal,Birbhum,783665,458626,7927,34546,29875,4949,34720,33002,3048,7540
West Bengal,Coochbehar,694651,318386,9777,38145,23860,3303,31009,17152,3385,6370
West Bengal,Dakshin Dinajpur,350217,146144,3833,13045,10686,1864,11579,15280,1422,3728
West Bengal,Darjeeling,247385,107476,9896,31862,26934,20995,24538,20088,5743,1237
West Bengal,Hooghly,949684,422429,16537,77876,48842,44113,91496,97465,38913,13638
West Bengal,Howrah,820420,382777,23073,52309,37628,67658,74916,94351,6741,3035
West Bengal,Jalpaiguri,653756,341934,11339,58940,29553,43083,41578,30873,5756,5176
West Bengal,Jhargram,252809,89048,1669,9182,11401,1902,8321,7636,937,1106
West Bengal,Kalimpong,45538,12568,1925,6119,7566,2542,5545,4123,1675,108
West Bengal,Malda,925283,518846,8223,38667,26988,7571,37708,32998,3558,5799
West Bengal,Murshidabad,1662985,973586,25761,66585,51130,10770,72221,56872,6533,13299
West Bengal,Nadia,1108444,605528,27717,50388,47604,11515,83061,62403,5594,9820
West Bengal,North 24 Parganas,1189125,646029,16396,93623,41906,26002,68958,83041,10942,9455
West Bengal,Paschim Bardhaman,259837,115455,17185,65829,39250,9933,65390,56365,5329,929
West Bengal,Paschim Medinipur,939907,302156,12924,58557,40605,15426,55557,50689,7170,21152
West Bengal,Purba Bardhaman,1033598,565804,17391,54155,43921,17289,63658,57053,7447,18246
West Bengal,Purba Medinipur,1080890,409581,14044,70580,49873,28081,65096,48631,3648,10164
West Bengal,Purulia,536972,159435,8418,29289,30742,6449,31421,22526,3355,2514
West Bengal,South 24 Parganas,1609174,775843,14910,84598,52613,51809,76998,88931,6258,9300
West Bengal,Uttar Dinajpur,555596,258581,5796,29920,13486,6309,19624,23222,3115,5537
